年度	支部名	翌々年度保険料率	調整前所要保険料率	年齢調整	所得調整	精算分	特定健診等	特定保健指導	対象者減少率	受診勧奨	後発医薬品
2	北海道	10.39	6.26	-0.31	-0.26	-0.03	45	9.8	31.7	9.2	81.5
2	青森	10.03	6.37	-0.3	-0.81	0.04	55.8	17.6	31.4	9.2	82.1
2	岩手	9.91	6.01	-0.32	-0.57	0.06	55.7	14.5	31.4	9	85
2	宮城	10.18	5.91	-0.17	-0.32	0.07	58.5	22.9	31.6	11.6	83.1
2	秋田	10.27	6.99	-0.63	-0.8	0.02	55.9	24.4	33.2	9	81.7
2	山形	9.99	6.1	-0.27	-0.5	0	73	22.7	33.3	10.8	83.3
2	福島	9.65	5.37	-0.16	-0.27	0.03	53.1	24.9	33.5	10.3	81.8
2	茨城	9.77	5.05	-0.04	0.04	-0.01	52.3	13.9	31.7	12	78.8
2	栃木	9.9	5.29	-0.06	-0.05	0.04	53.4	23.5	32.4	10.5	79.5
2	群馬	9.73	5.15	-0.02	-0.08	-0.04	51.2	10.6	31.7	9.3	80.3
2	埼玉	9.71	4.91	-0.02	0.14	-0.04	43	6.6	31.8	8.7	79.8
2	千葉	9.76	5.02	-0.11	0.14	-0.01	40	12.6	31.4	9.7	80.1
2	東京	9.81	4.31	0.13	0.67	-0.02	47.2	7.7	32.4	9.2	78.4
2	神奈川	9.85	4.82	-0.06	0.41	-0.04	41.7	8.9	31.7	10.2	79
2	新潟	9.51	5.28	-0.14	-0.31	0	65.2	17.5	33.1	11.1	81.5
2	富山	9.61	4.88	-0.09	0.13	0.02	67.2	27.6	31.6	15.9	80.8
2	石川	9.89	5.27	-0.03	0	-0.06	61.1	15.4	31	13.1	79.5
2	福井	9.96	5.4	-0.12	-0.03	0	58.3	17	32.7	13.9	79.1
2	山梨	9.66	5.37	-0.14	-0.18	-0.09	62.9	16.2	31.6	10.6	78.9
2	長野	9.67	5.26	-0.08	-0.24	0.03	58.8	18.7	32.3	9.9	81.2
2	岐阜	9.82	5.21	0.01	-0.08	-0.04	56.6	21.8	33.2	8.9	77.9
2	静岡	9.75	4.96	-0.05	0.1	0.03	54.6	15.6	33.5	10.5	80.4
2	愛知	9.93	4.71	0.2	0.27	0.02	49.7	11.2	31.8	9.8	78.3
2	三重	9.91	5.08	0.03	0.03	0.05	57.7	14.4	32.4	9.6	78.3
2	滋賀	9.83	5.2	0.07	-0.15	0.02	57	19.8	33.9	10.9	80.3
2	京都	9.95	5.18	0.07	0.02	-0.04	55.9	11.3	33.7	8.9	76.1
2	大阪	10.22	5.18	0.18	0.15	-0.01	42.8	11.7	32.9	10.2	76.4
2	兵庫	10.13	5.4	0.03	-0.01	-0.01	49.1	11.5	32.6	10.6	78.9
2	奈良	9.96	5.79	-0.02	-0.44	-0.07	50.1	17.8	35.1	11.2	74
2	和歌山	10.18	5.96	-0.03	-0.48	0.03	49.8	13.7	34.8	11.4	74.8
2	鳥取	9.94	6.07	-0.15	-0.67	-0.01	50	15.8	32.6	9.4	81.2
2	島根	10.35	6.4	-0.29	-0.55	0.1	64.8	23.2	32.8	8.6	82.7
2	岡山	10.25	5.61	0.07	-0.18	0.02	56	28.8	31.6	8	78.2
2	広島	10.09	5.41	0.05	-0.12	0.03	53.3	15.4	31.8	8.6	77.9
2	山口	10.15	5.78	-0.2	-0.1	-0.03	53.4	17	33	8.4	81
2	徳島	10.43	6.17	-0.11	-0.38	0.05	55.2	20.3	34.7	10	72.1
2	香川	10.34	6	-0.07	-0.3	-0.02	51.3	29.1	32.5	8.8	76.5
2	愛媛	10.26	5.89	0.03	-0.46	0.07	56.7	16.1	32.2	8.2	76.4
2	高知	10.3	6.11	-0.16	-0.38	0	60.8	14.2	29.3	9.2	74.9
2	福岡	10.21	5.79	0.05	-0.28	-0.07	50.1	14.3	32.9	12	80.5
2	佐賀	11	7.13	-0.19	-0.74	0.07	49.3	17.9	33.4	9	82
2	長崎	10.47	6.62	-0.21	-0.74	0.09	54	21	33.1	9.1	81.6
2	熊本	10.45	6.39	-0.06	-0.63	0.08	57.9	29.1	32.8	11.2	81.7
2	大分	10.52	6.49	-0.21	-0.6	0.13	61	24.3	33.1	8.9	79.3
2	宮崎	10.14	6.17	-0.08	-0.76	0.1	52.2	14.6	34.3	8.9	82.3
2	鹿児島	10.65	6.62	-0.03	-0.85	0.2	49.2	12.9	32.2	9.6	84.7
2	沖縄	10.09	6.6	0.3	-1.56	0.06	55.8	25.9	33.1	9.6	88.6
3	北海道	10.29	6.28	-0.31	-0.26	-0.07	47.3	11.6	34.5	9.7	82.3
3	青森	9.79	6.33	-0.31	-0.8	-0.07	58.1	19.2	34.3	9.3	82.5
3	岩手	9.77	6	-0.32	-0.57	0.01	61.1	17	33.3	10.6	85.3
3	宮城	10.05	5.91	-0.17	-0.32	0.01	60.6	24.3	35	11.9	83.6
3	秋田	9.86	6.8	-0.64	-0.76	-0.14	59.2	36.2	34.5	9	82.5
3	山形	9.98	6.15	-0.28	-0.48	-0.01	75.1	27.3	34.7	10.5	84
3	福島	9.53	5.42	-0.18	-0.27	-0.06	57.4	26.4	35.1	10.9	82.5
3	茨城	9.73	5.12	-0.04	0.03	-0.03	55.9	14.9	33	12.1	79.6
3	栃木	9.96	5.4	-0.06	-0.05	0.04	58.3	23.9	34.9	11	80.4
3	群馬	9.76	5.21	-0.02	-0.08	0	54.2	12.4	33.6	9.4	81.2
3	埼玉	9.82	5.03	-0.01	0.14	0.01	48	9.4	34.4	8.9	80.5
3	千葉	9.87	5.16	-0.1	0.13	0.03	44.8	14.5	34.8	9.2	80.7
3	東京	10	4.47	0.14	0.67	0.07	51.5	8.9	35.5	8.9	79.2
3	神奈川	10.02	5	-0.06	0.39	0.03	46.5	10.5	35.1	11.6	79.7
3	新潟	9.33	5.24	-0.14	-0.3	-0.1	67.5	21.9	34.9	11.5	81.9
3	富山	9.57	4.94	-0.09	0.11	-0.05	69.1	33.1	33.7	13	81.1
3	石川	9.66	5.26	-0.03	0	-0.19	65.4	22.5	35.1	12.3	80
3	福井	9.91	5.47	-0.13	-0.03	-0.03	64.2	20.8	35.2	13.9	79.3
3	山梨	9.67	5.43	-0.15	-0.16	-0.1	64.5	21	33.4	10.4	79.9
3	長野	9.49	5.24	-0.08	-0.2	-0.07	61.4	29.8	35.2	10.4	81.7
3	岐阜	9.8	5.31	0.01	-0.09	0.02	63.4	26	36.1	11.7	79.1
3	静岡	9.75	5.03	-0.04	0.11	0.03	56.5	16.7	35.5	12.3	81.2
3	愛知	10.01	4.84	0.2	0.27	0.05	53.1	13.6	34.7	10.5	79.5
3	三重	9.81	5.15	0.01	0.01	-0.02	60.4	18.4	33.8	10.3	79.1
3	滋賀	9.73	5.22	0.07	-0.15	-0.06	62.2	20.1	34.9	9.1	80.7
3	京都	10.09	5.36	0.06	0.01	0.02	58.6	17.6	36.1	9.5	76.9
3	大阪	10.29	5.33	0.17	0.13	0.01	46.8	12.6	35.5	9.5	77.4
3	兵庫	10.17	5.53	0.03	-0.02	-0.02	54	15.9	34.7	10	79.7
3	奈良	10.14	5.96	-0.03	-0.44	0.09	54.7	21.4	37.2	13.7	75.5
3	和歌山	9.94	5.95	-0.05	-0.5	-0.09	53.8	17.9	36	10	76.2
3	鳥取	9.82	6.09	-0.16	-0.67	-0.07	55.5	20.4	35	10.9	81.9
3	島根	10.26	6.4	-0.31	-0.55	0.07	66.8	23.5	34.4	8	83.4
3	岡山	10.07	5.61	0.07	-0.18	-0.08	57.9	35.2	33.4	8.3	79.1
3	広島	9.92	5.43	0.04	-0.14	-0.06	56.2	18	34.5	9.5	78.7
3	山口	9.96	5.73	-0.19	-0.1	-0.13	55.2	19.5	33.6	9.1	81.7
3	徳島	10.25	6.11	-0.12	-0.35	-0.04	54.4	27.3	36	8.6	73.7
3	香川	10.23	6.05	-0.07	-0.33	-0.04	54.7	35.9	35.6	9.5	77.4
3	愛媛	10.01	5.87	0.02	-0.45	-0.08	59.2	18.9	34.3	8.5	77.6
3	高知	10.1	6.05	-0.16	-0.38	-0.06	61.5	16.5	31.8	9.1	76.2
3	福岡	10.36	5.91	0.05	-0.29	0.04	52.3	14	34.5	10.5	81.3
3	佐賀	10.51	6.92	-0.2	-0.71	-0.11	55.6	18	35.1	11.5	82.7
3	長崎	10.21	6.6	-0.23	-0.77	-0.04	55.8	28.1	34.4	9.3	82.3
3	熊本	10.32	6.4	-0.08	-0.62	0.03	62	31.1	35	11.5	82.6
3	大分	10.2	6.43	-0.22	-0.6	-0.03	64.9	29.1	35.1	7.9	80.3
3	宮崎	9.76	6.05	-0.1	-0.75	-0.08	55.9	15.7	34.9	10.4	83.1
3	鹿児島	10.26	6.59	-0.06	-0.88	0.02	49	16	34.6	17.2	85.4
3	沖縄	9.89	6.64	0.25	-1.59	-0.04	57.8	28.9	34.4	9.3	89
4	北海道	10.21	6.26	-0.31	-0.25	-0.1	49.1	11.7	32.7	33.8	82.8
4	青森	9.49	6.26	-0.32	-0.81	-0.25	61.1	22.2	32.2	35.5	83.3
4	岩手	9.63	6.04	-0.32	-0.6	-0.1	62.5	21.7	33.5	34.8	85.7
4	宮城	10.01	5.98	-0.17	-0.34	-0.07	64.4	22.9	33.1	34.6	84.4
4	秋田	9.85	6.83	-0.62	-0.75	-0.21	61.2	31.9	34.3	37.6	83.4
4	山形	9.84	6.2	-0.29	-0.49	-0.02	77.3	25.7	34.4	40.2	85.2
4	福島	9.59	5.49	-0.19	-0.28	-0.04	58.2	26.7	34	34.2	83.3
4	茨城	9.66	5.13	-0.04	0.03	-0.06	55.5	15	33.3	35.2	80.8
4	栃木	9.79	5.4	-0.07	-0.06	-0.03	61	25.4	34.4	36.6	81.4
4	群馬	9.81	5.28	-0.02	-0.08	0.02	55.2	13.2	33	33.7	82
4	埼玉	9.78	5.03	-0.01	0.13	0.01	49.8	8.4	33.7	32.2	81.6
4	千葉	9.77	5.12	-0.08	0.12	0	46.9	14.4	34.2	32.2	81.7
4	東京	9.98	4.48	0.16	0.66	0.07	53.1	9.5	35.2	34.1	80.4
4	神奈川	10.02	5.02	-0.06	0.38	0.06	48.2	10.4	34	33.9	80.9
4	新潟	9.35	5.31	-0.14	-0.31	-0.08	69.9	22	33.5	38.6	82.9
4	富山	9.62	4.98	-0.07	0.12	0	71.8	31.9	33.5	39.4	81.9
4	石川	9.94	5.33	-0.02	0.03	-0.01	66.6	23.7	33.9	36	81
4	福井	10.07	5.58	-0.14	-0.03	0.05	65.4	21.9	34.2	35.7	79.9
4	山梨	9.94	5.54	-0.15	-0.14	0.08	67.8	18.7	33.3	31.8	80.8
4	長野	9.55	5.27	-0.08	-0.17	-0.04	64	29.4	34.6	36.3	82.6
4	岐阜	9.91	5.38	0	-0.09	0.03	64.8	25.5	34.9	35.9	80.4
4	静岡	9.85	5.13	-0.04	0.1	0.05	59.4	16.7	34.7	35.3	82.1
4	愛知	10.02	4.92	0.19	0.25	0.05	55.8	14.5	33.4	35.8	80.6
4	三重	9.94	5.26	0.02	0.01	0.04	64.4	15.4	34	35.1	80.2
4	滋賀	9.89	5.32	0.07	-0.14	0.02	61.9	20.2	34.5	33.5	81.9
4	京都	10.13	5.36	0.06	0.03	0.06	60.9	17.1	35.5	32.2	78
4	大阪	10.34	5.39	0.17	0.13	0.05	49.8	12.8	35	33.8	78.5
4	兵庫	10.18	5.56	0.02	-0.03	0.01	56.6	15.2	34.5	33.6	80.5
4	奈良	10.22	6	-0.02	-0.43	0.09	56.8	22.6	36.7	35.9	76.6
4	和歌山	10	6.03	-0.06	-0.5	-0.08	56.3	15.3	34.7	34.6	77.4
4	鳥取	9.68	6.04	-0.16	-0.67	-0.14	57.1	21.9	33.7	33.5	82.8
4	島根	9.92	6.36	-0.29	-0.55	-0.13	70.8	19.6	34.5	37.9	84.3
4	岡山	10.02	5.65	0.06	-0.2	-0.11	63.7	33.1	32.3	37.1	80
4	広島	9.95	5.5	0.04	-0.15	-0.06	57.3	18.6	33.3	37.4	79.8
4	山口	10.2	5.87	-0.17	-0.11	0	57	18.2	35.3	33.6	82.7
4	徳島	10.19	6.16	-0.11	-0.36	-0.11	55.1	24.8	35.3	32.8	74.5
4	香川	10.33	6.16	-0.06	-0.36	-0.02	54.1	33.7	34.2	35.5	78.3
4	愛媛	10.03	5.97	0	-0.47	-0.08	61.4	18.3	33.3	35.3	79
4	高知	9.89	6.04	-0.16	-0.4	-0.2	66.1	15.5	30.2	31.6	76.9
4	福岡	10.35	5.99	0.04	-0.3	0.06	55.4	19.3	34.3	36.5	82.3
4	佐賀	10.42	7.07	-0.2	-0.71	-0.16	58.9	26.2	36.4	39.1	83.3
4	長崎	10.17	6.71	-0.24	-0.79	-0.1	57.7	26.8	35.4	34.6	83.1
4	熊本	10.3	6.46	-0.1	-0.61	-0.05	62.1	36.2	33.2	38.8	83.4
4	大分	10.25	6.54	-0.22	-0.6	-0.08	65.5	29.4	34.1	38.2	81
4	宮崎	9.85	6.24	-0.12	-0.76	-0.08	56.6	19.3	34.7	36.8	84.2
4	鹿児島	10.13	6.7	-0.09	-0.9	-0.13	55.1	19.6	34.7	38.7	86.1
4	沖縄	9.52	6.59	0.17	-1.58	-0.27	60.1	24.5	34.2	35.8	89.3
5	北海道	10.31	6.21	-0.33	-0.22	-0.02	53.5	13.5	32.4	32.6	84.4
5	青森	9.85	6.35	-0.37	-0.79	-0.01	61.4	28.4	33.5	34.2	84.8
5	岩手	9.62	5.99	-0.35	-0.62	-0.07	63.7	22.2	34	31.4	87.1
5	宮城	10.11	5.91	-0.16	-0.33	0.03	64.1	24.4	32.5	33.4	86
5	秋田	10.01	6.72	-0.63	-0.72	-0.01	62.9	32.3	33	37.9	85.1
5	山形	9.75	6.12	-0.31	-0.49	-0.06	77.9	29.1	33.7	37.4	87.1
5	福島	9.62	5.43	-0.2	-0.28	0.01	59.8	27.9	33.8	31.3	84.8
5	茨城	9.67	5.07	-0.04	0.02	-0.04	55.7	17.2	32.1	32.2	82.7
5	栃木	9.82	5.38	-0.08	-0.09	-0.06	61.7	27.6	33.6	34.6	83.1
5	群馬	9.77	5.2	-0.02	-0.08	0.01	55.5	14.5	32.3	32.6	83.8
5	埼玉	9.76	5.02	-0.01	0.11	-0.02	48.1	9.7	33.2	30.5	83.5
5	千葉	9.79	5.1	-0.06	0.11	-0.02	47.7	16	33.5	32.2	83.4
5	東京	9.91	4.46	0.17	0.63	-0.01	53.8	11.6	34.4	32	82.3
5	神奈川	9.92	5	-0.06	0.36	-0.04	48.2	13.5	33.4	31.9	82.6
5	新潟	9.55	5.32	-0.15	-0.31	0.08	70.4	24.2	34.2	36.1	84.8
5	富山	9.65	4.95	-0.07	0.11	0.04	72.3	33.2	33.1	38.5	83.8
5	石川	9.88	5.19	-0.01	0.04	0.01	67	27.5	33.6	32.8	82.9
5	福井	9.94	5.47	-0.14	-0.04	-0.01	67.6	24.3	32.9	33.6	81.8
5	山梨	9.89	5.46	-0.16	-0.14	0.06	69	22.5	33.2	33.4	82.6
5	長野	9.69	5.27	-0.08	-0.17	0.08	64.5	31.2	34	36.2	84.6
5	岐阜	9.93	5.39	0	-0.1	0.07	65.5	24.6	34.8	36.2	82.7
5	静岡	9.8	5.07	-0.04	0.08	0.03	59.7	17.7	34.3	34.6	83.8
5	愛知	10.03	4.92	0.19	0.23	0.04	57	16.8	33.2	31.1	82.6
5	三重	9.99	5.22	0.02	0.01	0.08	64.6	18.1	33.4	34.8	82.1
5	滋賀	9.97	5.28	0.08	-0.14	0.08	62.6	19.5	33.8	32.3	83.6
5	京都	10.03	5.28	0.07	0.04	-0.03	62.8	17.8	34.8	30.5	80.3
5	大阪	10.24	5.32	0.16	0.12	-0.02	50.2	13.8	34.1	31.6	80.7
5	兵庫	10.16	5.52	0.02	-0.03	-0.02	56.8	15.5	33.7	32.8	82.4
5	奈良	10.02	5.88	-0.02	-0.43	-0.06	56.3	20.8	35.5	37.1	79
5	和歌山	10.19	6.06	-0.08	-0.52	0.08	57.5	17.9	35.2	32.7	79.8
5	鳥取	9.93	6.09	-0.16	-0.67	0	58	23.6	33.7	31	84.6
5	島根	9.94	6.24	-0.27	-0.52	-0.06	71.5	25.6	33.5	35.8	86.3
5	岡山	10.17	5.66	0.06	-0.23	0.01	65	35.6	32.4	38.3	81.8
5	広島	9.97	5.41	0.04	-0.14	0	59.3	21.4	33.4	36.7	81.8
5	山口	10.36	5.83	-0.17	-0.1	0.14	57.1	20.2	34.4	33.7	84.6
5	徳島	10.47	6.2	-0.11	-0.36	0.11	57	27.2	35.8	31.1	77
5	香川	10.21	5.99	-0.05	-0.35	-0.04	55	34.1	33.5	32.5	80.6
5	愛媛	10.18	5.95	-0.01	-0.47	0.05	63	19.2	33.2	33.7	81
5	高知	10.13	6.03	-0.17	-0.39	-0.01	68	17.1	31	29.9	79.1
5	福岡	10.31	5.9	0.04	-0.29	0	57.9	21.5	34.1	33.3	83.9
5	佐賀	10.78	6.93	-0.19	-0.68	0.06	58.9	24.8	34.5	34.8	85.1
5	長崎	10.41	6.7	-0.27	-0.76	0.07	59.3	25.6	34.5	33.8	84.7
5	熊本	10.12	6.34	-0.1	-0.6	-0.03	64.1	38.3	34	38.9	85.1
5	大分	10.25	6.41	-0.22	-0.57	0.02	66.6	30.8	34.3	37.5	82.8
5	宮崎	10.09	6.21	-0.13	-0.75	0.15	60.1	20.7	34.5	34.1	85.9
5	鹿児島	10.31	6.65	-0.12	-0.9	0.01	51.6	21.5	34.1	39	87.5
5	沖縄	9.44	6.41	0.11	-1.48	-0.25	60.2	28.8	33.9	33.9	90.1
6	北海道	10.28	6.21	-0.33	-0.19	0.03	56.1	16	32.2	33.3	87.9
6	青森	9.85	6.38	-0.41	-0.77	0.11	63.2	29.2	31.6	32.9	88.4
6	岩手	9.51	6.02	-0.37	-0.64	-0.06	65.7	21.8	33.2	32.8	90.2
6	宮城	10.1	5.99	-0.16	-0.35	0.06	65.8	26.6	32.2	33.9	89.4
6	秋田	10.01	6.81	-0.66	-0.69	0.04	64.3	32.8	34	36	88.6
6	山形	9.75	6.15	-0.33	-0.5	-0.04	79.2	30.6	33	35.8	90.2
6	福島	9.5	5.48	-0.21	-0.32	0.02	62.8	25.8	33.5	32.2	88.7
6	茨城	9.52	5.06	-0.05	0	-0.05	58.4	16.7	32.4	32.2	86.8
6	栃木	9.82	5.43	-0.09	-0.09	0.03	63.8	25.9	33.6	36	86.4
6	群馬	9.68	5.24	-0.02	-0.09	-0.01	57.4	14.5	32.9	31.8	87.3
6	埼玉	9.67	5.03	-0.02	0.1	0	51	10.5	33.1	31.9	87.2
6	千葉	9.73	5.1	-0.06	0.1	0.02	51.6	17.2	32.9	32.4	87
6	東京	9.85	4.49	0.16	0.62	0.02	54.6	14.2	34	33.3	86.1
6	神奈川	9.92	5.08	-0.07	0.34	0.05	51.8	13.8	32.8	32.9	86.5
6	新潟	9.21	5.28	-0.15	-0.28	0.03	72.1	28.4	35.5	38.7	88.6
6	富山	9.59	4.97	-0.08	0.11	0.03	73.7	28.4	33	38.4	87.5
6	石川	9.7	5.12	0	0.06	0.01	69.1	27.4	33.6	33.8	87.1
6	福井	9.71	5.43	-0.14	-0.05	-0.1	69.9	22.7	32.8	32.8	86.2
6	山梨	9.55	5.4	-0.16	-0.13	-0.09	70.2	27.2	32.7	34.7	86.7
6	長野	9.63	5.28	-0.09	-0.17	0.05	65.9	25.3	33.4	35.3	87.9
6	岐阜	9.8	5.4	-0.01	-0.12	0.03	65.9	26.4	34.2	35.3	87.3
6	静岡	9.61	5.1	-0.05	0.07	-0.02	62.8	18.8	34.3	35	87.5
6	愛知	9.93	4.94	0.18	0.21	0.03	57.7	17.2	32.9	31.7	86.8
6	三重	9.77	5.22	0.02	-0.01	-0.02	65.7	19.2	33.4	34.3	85.9
6	滋賀	9.88	5.35	0.09	-0.17	0.05	65	16.7	33.6	31.6	87.6
6	京都	9.89	5.25	0.08	0.05	-0.04	64.1	17.9	33.6	31.3	84.9
6	大阪	10.13	5.34	0.16	0.11	-0.04	51.5	13.1	33.7	32.7	85
6	兵庫	10.12	5.56	0.02	-0.04	0.02	57.9	15.4	33.6	33.3	86.5
6	奈良	9.91	5.91	-0.02	-0.44	-0.06	59	20.4	35.1	36.9	83.5
6	和歌山	10.06	6.11	-0.11	-0.52	0.05	61.5	16.7	34.3	34.7	84.3
6	鳥取	9.86	6.04	-0.15	-0.66	0.07	61.6	25.5	32.4	32	87.7
6	島根	9.94	6.35	-0.26	-0.51	0.08	72.4	39.5	33.5	34.5	89.7
6	岡山	10.05	5.65	0.07	-0.24	0.01	66.2	34.8	32.2	38.9	85.9
6	広島	9.78	5.38	0.04	-0.13	-0.06	60.8	22.2	33.4	35.3	86.1
6	山口	10.15	5.83	-0.17	-0.09	0.03	60.8	19	32.4	33.3	88.2
6	徳島	10.24	6.16	-0.11	-0.38	0.02	56.6	29	35.3	31.7	82.3
6	香川	10.02	5.95	-0.03	-0.34	-0.11	57.9	34.5	33.2	34	84.9
6	愛媛	9.98	5.89	-0.01	-0.45	-0.02	63.2	20.1	32.7	34.1	85
6	高知	10.05	6.05	-0.18	-0.4	0.03	69.1	17.9	31.1	34.9	83.8
6	福岡	10.11	5.85	0.06	-0.29	-0.07	58.9	22.8	33.1	34.5	87.5
6	佐賀	10.55	6.91	-0.18	-0.67	-0.05	59.3	24.6	33.3	36.9	88.7
6	長崎	10.06	6.56	-0.27	-0.73	-0.06	58.8	23.5	33.4	36.5	88.1
6	熊本	10.08	6.3	-0.1	-0.59	-0.09	63.9	37.3	32.6	37.9	88.4
6	大分	10.08	6.35	-0.21	-0.55	-0.07	64.8	34.9	33.2	38	86.8
6	宮崎	9.77	6.14	-0.13	-0.75	-0.04	60.3	20	34.2	33.6	89.3
6	鹿児島	10.13	6.64	-0.11	-0.91	-0.04	54.1	18.3	33.6	37.8	90.2
6	沖縄	9.44	6.4	0.11	-1.41	-0.01	59.8	31.4	33.2	36	92.4
