年度	支部名	翌々年度保険料率	特定健診等	特定保健指導	対象者減少率	受診勧奨	後発医薬品	調整前所要保険料率	年齢調整	所得調整	精算分	インセンティブ分	県内総生産[100万円]	県民一人あたり県内総生産[千円/人]	県民人口[千人]
2	北海道	10.39	45	9.8	31.7	9.2	81.5	6.26	-0.31	-0.26	-0.03	0.007	19407652	3714.38315789474	5225
2	青森	10.03	55.8	17.6	31.4	9.2	82.1	6.37	-0.3	-0.81	0.04	0.003	4352988	3516.14539579968	1238
2	岩手	9.91	55.7	14.5	31.4	9	85	6.01	-0.32	-0.57	0.06	0.007	4609844	3806.64244426094	1211
2	宮城	10.18	58.5	22.9	31.6	11.6	83.1	5.91	-0.17	-0.32	0.07	-0.017	9220558	4005.45525629887	2302
2	秋田	10.27	55.9	24.4	33.2	9	81.7	6.99	-0.63	-0.8	0.02	-0.028	3408142	3550.14791666667	960
2	山形	9.99	73	22.7	33.3	10.8	83.3	6.1	-0.27	-0.5	0	-0.043	4213911	3945.6095505618	1068
2	福島	9.65	53.1	24.9	33.5	10.3	81.8	5.37	-0.16	-0.27	0.03	-0.023	7712033	4207.3284233497	1833
2	茨城	9.77	52.3	13.9	31.7	12	78.8	5.05	-0.04	0.04	-0.01	0.007	13475830	4700.32438088594	2867
2	栃木	9.9	53.4	23.5	32.4	10.5	79.5	5.29	-0.06	-0.05	0.04	-0.025	8862616	4584.90222452147	1933
2	群馬	9.73	51.2	10.6	31.7	9.3	80.3	5.15	-0.02	-0.08	-0.04	0.007	8683698	4478.44146467251	1939
2	埼玉	9.71	43	6.6	31.8	8.7	79.8	4.91	-0.02	0.14	-0.04	0.007	22752177	3097.64152484683	7345
2	千葉	9.76	40	12.6	31.4	9.7	80.1	5.02	-0.11	0.14	-0.01	0.007	19964230	3176.99395289624	6284
2	東京	9.81	47.2	7.7	32.4	9.2	78.4	4.31	0.13	0.67	-0.02	0.007	106440567	7576.91963268793	14048
2	神奈川	9.85	41.7	8.9	31.7	10.2	79	4.82	-0.06	0.41	-0.04	0.007	33640598	3641.93980729674	9237
2	新潟	9.51	65.2	17.5	33.1	11.1	81.5	5.28	-0.14	-0.31	0	-0.032	8680698	3943.97910040891	2201
2	富山	9.61	67.2	27.6	31.6	15.9	80.8	4.88	-0.09	0.13	0.02	-0.051	4645168	4488.08502415459	1035
2	石川	9.89	61.1	15.4	31	13.1	79.5	5.27	-0.03	0	-0.06	0.007	4488685	3961.76963812886	1133
2	福井	9.96	58.3	17	32.7	13.9	79.1	5.4	-0.12	-0.03	0	0.007	3527161	4598.64537157758	767
2	山梨	9.66	62.9	16.2	31.6	10.6	78.9	5.37	-0.14	-0.18	-0.09	-0.021	3526169	4353.2950617284	810
2	長野	9.67	58.8	18.7	32.3	9.9	81.2	5.26	-0.08	-0.24	0.03	-0.011	8245714	4026.2275390625	2048
2	岐阜	9.82	56.6	21.8	33.2	8.9	77.9	5.21	0.01	-0.08	-0.04	-0.003	7567526	3823.91409802931	1979
2	静岡	9.75	54.6	15.6	33.5	10.5	80.4	4.96	-0.05	0.1	0.03	-0.02	17197370	4733.65538122764	3633
2	愛知	9.93	49.7	11.2	31.8	9.8	78.3	4.71	0.2	0.27	0.02	0.007	39474654	5233.9769291965	7542
2	三重	9.91	57.7	14.4	32.4	9.6	78.3	5.08	0.03	0.03	0.05	0.007	8420511	4757.35084745763	1770
2	滋賀	9.83	57	19.8	33.9	10.9	80.3	5.2	0.07	-0.15	0.02	-0.023	6820482	4823.53748231966	1414
2	京都	9.95	55.9	11.3	33.7	8.9	76.1	5.18	0.07	0.02	-0.04	0.007	10194833	3954.55120248255	2578
2	大阪	10.22	42.8	11.7	32.9	10.2	76.4	5.18	0.18	0.15	-0.01	0.007	39077039	4421.47985969676	8838
2	兵庫	10.13	49.1	11.5	32.6	10.6	78.9	5.4	0.03	-0.01	-0.01	0.007	21622378	3956.51930466606	5465
2	奈良	9.96	50.1	17.8	35.1	11.2	74	5.79	-0.02	-0.44	-0.07	-0.012	3635980	2746.2084592145	1324
2	和歌山	10.18	49.8	13.7	34.8	11.4	74.8	5.96	-0.03	-0.48	0.03	0.003	3439721	3726.67497291441	923
2	鳥取	9.94	50	15.8	32.6	9.4	81.2	6.07	-0.15	-0.67	-0.01	0.007	1797039	3249.61844484629	553
2	島根	10.35	64.8	23.2	32.8	8.6	82.7	6.4	-0.29	-0.55	0.1	-0.016	2547779	3796.98807749627	671
2	岡山	10.25	56	28.8	31.6	8	78.2	5.61	0.07	-0.18	0.02	0.007	7323176	3878.80084745763	1888
2	広島	10.09	53.3	15.4	31.8	8.6	77.9	5.41	0.05	-0.12	0.03	0.007	11520787	4114.56678571429	2800
2	山口	10.15	53.4	17	33	8.4	81	5.78	-0.2	-0.1	-0.03	-0.011	5999049	4470.2302533532	1342
2	徳島	10.43	55.2	20.3	34.7	10	72.1	6.17	-0.11	-0.38	0.05	-0.023	3211217	4460.02361111111	720
2	香川	10.34	51.3	29.1	32.5	8.8	76.5	6	-0.07	-0.3	-0.02	0.007	3583178	3771.76631578947	950
2	愛媛	10.26	56.7	16.1	32.2	8.2	76.4	5.89	0.03	-0.46	0.07	0.007	4676714	3503.15655430712	1335
2	高知	10.3	60.8	14.2	29.3	9.2	74.9	6.11	-0.16	-0.38	0	0.007	2256637	3261.03612716763	692
2	福岡	10.21	50.1	14.3	32.9	12	80.5	5.79	0.05	-0.28	-0.07	0.007	18625144	3627.09717624148	5135
2	佐賀	11	49.3	17.9	33.4	9	82	7.13	-0.19	-0.74	0.07	0.007	3000406	3699.63748458693	811
2	長崎	10.47	54	21	33.1	9.1	81.6	6.62	-0.21	-0.74	0.09	-0.002	4448915	3390.94131097561	1312
2	熊本	10.45	57.9	29.1	32.8	11.2	81.7	6.39	-0.06	-0.63	0.08	-0.037	5952895	3425.14096662831	1738
2	大分	10.52	61	24.3	33.1	8.9	79.3	6.49	-0.21	-0.6	0.13	-0.009	4334191	3856.04181494662	1124
2	宮崎	10.14	52.2	14.6	34.3	8.9	82.3	6.17	-0.08	-0.76	0.1	0.002	3542960	3311.17757009346	1070
2	鹿児島	10.65	49.2	12.9	32.2	9.6	84.7	6.62	-0.03	-0.85	0.2	0.007	5440190	3425.81234256927	1588
2	沖縄	10.09	55.8	25.9	33.1	9.6	88.6	6.6	0.3	-1.56	0.06	-0.021	4080020	2781.1997273347	1467
3	北海道	10.29	47.3	11.6	34.5	9.7	82.3	6.28	-0.31	-0.26	-0.07	0.01	19875147	3834.68010804553	5183
3	青森	9.79	58.1	19.2	34.3	9.3	82.5	6.33	-0.31	-0.8	-0.07	0.01	4332445	3548.276003276	1221
3	岩手	9.77	61.1	17	33.3	10.6	85.3	6	-0.32	-0.57	0.01	0.01	4602901	3848.57943143813	1196
3	宮城	10.05	60.6	24.3	35	11.9	83.6	5.91	-0.17	-0.32	0.01	-0.012	9413811	4110.83449781659	2290
3	秋田	9.86	59.2	36.2	34.5	9	82.5	6.8	-0.64	-0.76	-0.14	-0.038	3499636	3703.31851851852	945
3	山形	9.98	75.1	27.3	34.7	10.5	84	6.15	-0.28	-0.48	-0.01	-0.043	4330149	4104.40663507109	1055
3	福島	9.53	57.4	26.4	35.1	10.9	82.5	5.42	-0.18	-0.27	-0.06	-0.019	7781201	4294.26103752759	1812
3	茨城	9.73	55.9	14.9	33	12.1	79.6	5.12	-0.04	0.03	-0.03	0.01	14402021	5049.79698457223	2852
3	栃木	9.96	58.3	23.9	34.9	11	80.4	5.4	-0.06	-0.05	0.04	-0.012	9199392	4788.85580426861	1921
3	群馬	9.76	54.2	12.4	33.6	9.4	81.2	5.21	-0.02	-0.08	0	0.01	9163999	4755.57810067462	1927
3	埼玉	9.82	48	9.4	34.4	8.9	80.5	5.03	-0.01	0.14	0.01	0.01	23676483	3225.67888283379	7340
3	千葉	9.87	44.8	14.5	34.8	9.2	80.7	5.16	-0.1	0.13	0.03	0.01	20422738	3254.61960159363	6275
3	東京	10	51.5	8.9	35.5	8.9	79.2	4.47	0.14	0.67	0.07	0.01	110446973	7883.43847251963	14010
3	神奈川	10.02	46.5	10.5	35.1	11.6	79.7	5	-0.06	0.39	0.03	0.01	34649908	3751.61411866609	9236
3	新潟	9.33	67.5	21.9	34.9	11.5	81.9	5.24	-0.14	-0.3	-0.1	-0.009	8869264	4074.07625172255	2177
3	富山	9.57	69.1	33.1	33.7	13	81.1	4.94	-0.09	0.11	-0.05	0.01	4820776	4703.19609756098	1025
3	石川	9.66	65.4	22.5	35.1	12.3	80	5.26	-0.03	0	-0.19	-0.022	4617289	4104.25688888889	1125
3	福井	9.91	64.2	20.8	35.2	13.9	79.3	5.47	-0.13	-0.03	-0.03	-0.015	3677148	4838.35263157895	760
3	山梨	9.67	64.5	21	33.4	10.4	79.9	5.43	-0.15	-0.16	-0.1	0.01	3678328	4569.35155279503	805
3	長野	9.49	61.4	29.8	35.2	10.4	81.7	5.24	-0.08	-0.2	-0.07	-0.037	8627218	4243.58976881456	2033
3	岐阜	9.8	63.4	26	36.1	11.7	79.1	5.31	0.01	-0.09	0.02	-0.084	7884371	4020.586945436	1961
3	静岡	9.75	56.5	16.7	35.5	12.3	81.2	5.03	-0.04	0.11	0.03	-0.013	17633326	4887.2854767184	3608
3	愛知	10.01	53.1	13.6	34.7	10.5	79.5	4.84	0.2	0.27	0.05	0.01	40629806	5405.05600638553	7517
3	三重	9.81	60.4	18.4	33.8	10.3	79.1	5.15	0.01	0.01	-0.02	0.01	8785144	5002.92938496583	1756
3	滋賀	9.73	62.2	20.1	34.9	9.1	80.7	5.22	0.07	-0.15	-0.06	0.01	7023985	4978.01913536499	1411
3	京都	10.09	58.6	17.6	36.1	9.5	76.9	5.36	0.06	0.01	0.02	-0.007	10666830	4165.103475205	2561
3	大阪	10.29	46.8	12.6	35.5	9.5	77.4	5.33	0.17	0.13	0.01	0.01	40067075	4549.97444923916	8806
3	兵庫	10.17	54	15.9	34.7	10	79.7	5.53	0.03	-0.02	-0.02	0.01	22373629	4118.85659057437	5432
3	奈良	10.14	54.7	21.4	37.2	13.7	75.5	5.96	-0.03	-0.44	0.09	-0.077	3753589	2854.44030418251	1315
3	和歌山	9.94	53.8	17.9	36	10	76.2	5.95	-0.05	-0.5	-0.09	-0.002	3640001	3982.49562363239	914
3	鳥取	9.82	55.5	20.4	35	10.9	81.9	6.09	-0.16	-0.67	-0.07	-0.018	1904871	3469.71038251366	549
3	島根	10.26	66.8	23.5	34.4	8	83.4	6.4	-0.31	-0.55	0.07	0.01	2620696	3940.8962406015	665
3	岡山	10.07	57.9	35.2	33.4	8.3	79.1	5.61	0.07	-0.18	-0.08	0.01	7744564	4128.23240938166	1876
3	広島	9.92	56.2	18	34.5	9.5	78.7	5.43	0.04	-0.14	-0.06	0.01	12035759	4329.40971223022	2780
3	山口	9.96	55.2	19.5	33.6	9.1	81.7	5.73	-0.19	-0.1	-0.13	0.01	6283495	4731.54743975904	1328
3	徳島	10.25	54.4	27.3	36	8.6	73.7	6.11	-0.12	-0.35	-0.04	0.01	3343854	4696.42415730337	712
3	香川	10.23	54.7	35.9	35.6	9.5	77.4	6.05	-0.07	-0.33	-0.04	-0.021	3774825	4007.24522292994	942
3	愛媛	10.01	59.2	18.9	34.3	8.5	77.6	5.87	0.02	-0.45	-0.08	0.01	5048659	3821.84632853899	1321
3	高知	10.1	61.5	16.5	31.8	9.1	76.2	6.05	-0.16	-0.38	-0.06	0.01	2303144	3367.16959064327	684
3	福岡	10.36	52.3	14	34.5	10.5	81.3	5.91	0.05	-0.29	0.04	0.01	19297859	3766.17076502732	5124
3	佐賀	10.51	55.6	18	35.1	11.5	82.7	6.92	-0.2	-0.71	-0.11	-0.023	3147619	3905.23449131514	806
3	長崎	10.21	55.8	28.1	34.4	9.3	82.3	6.6	-0.23	-0.77	-0.04	0.002	4527257	3490.56052428682	1297
3	熊本	10.32	62	31.1	35	11.5	82.6	6.4	-0.08	-0.62	0.03	-0.047	6272739	3630.05729166667	1728
3	大分	10.2	64.9	29.1	35.1	7.9	80.3	6.43	-0.22	-0.6	-0.03	-0.019	4716441	4233.78904847397	1114
3	宮崎	9.76	55.9	15.7	34.9	10.4	83.1	6.05	-0.1	-0.75	-0.08	-0.003	3642028	3432.63713477851	1061
3	鹿児島	10.26	49	16	34.6	17.2	85.4	6.59	-0.06	-0.88	0.02	-0.056	5807756	3685.12436548223	1576
3	沖縄	9.89	57.8	28.9	34.4	9.3	89	6.64	0.25	-1.59	-0.04	-0.011	4230962	2882.12670299728	1468
4	北海道	10.21	49.1	11.7	32.7	33.8	82.8	6.26	-0.31	-0.25	-0.1	0.01	20173186	3924.74435797665	5140
4	青森	9.49	61.1	22.2	32.2	35.5	83.3	6.26	-0.32	-0.81	-0.25	0.01	4255413	3534.39617940199	1204
4	岩手	9.63	62.5	21.7	33.5	34.8	85.7	6.04	-0.32	-0.6	-0.1	0.01	4688941	3970.31414055885	1181
4	宮城	10.01	64.4	22.9	33.1	34.6	84.4	5.98	-0.17	-0.34	-0.07	0.01	9552862	4189.85175438597	2280
4	秋田	9.85	61.2	31.9	34.3	37.6	83.4	6.83	-0.62	-0.75	-0.21	-0.005	3610533	3882.2935483871	930
4	山形	9.84	77.3	25.7	34.4	40.2	85.2	6.2	-0.29	-0.49	-0.02	-0.152	4360041	4188.31988472623	1041
4	福島	9.59	58.2	26.7	34	34.2	83.3	5.49	-0.19	-0.28	-0.04	0.01	7903461	4415.34134078212	1790
4	茨城	9.66	55.5	15	33.3	35.2	80.8	5.13	-0.04	0.03	-0.06	0.01	14499685	5105.52288732394	2840
4	栃木	9.79	61	25.4	34.4	36.6	81.4	5.4	-0.07	-0.06	-0.03	-0.048	9455430	4953.08014667365	1909
4	群馬	9.81	55.2	13.2	33	33.7	82	5.28	-0.02	-0.08	0.02	0.01	9605311	5021.07213800314	1913
4	埼玉	9.78	49.8	8.4	33.7	32.2	81.6	5.03	-0.01	0.13	0.01	0.01	24046705	3277.45740765981	7337
4	千葉	9.77	46.9	14.4	34.2	32.2	81.7	5.12	-0.08	0.12	0	0.01	22184449	3540.44829237153	6266
4	東京	9.98	53.1	9.5	35.2	34.1	80.4	4.48	0.16	0.66	0.07	0.01	114807691	8178.3509759225	14038
4	神奈川	10.02	48.2	10.4	34	33.9	80.9	5.02	-0.06	0.38	0.06	0.01	34978323	3788.81314991335	9232
4	新潟	9.35	69.9	22	33.5	38.6	82.9	5.31	-0.14	-0.31	-0.08	-0.02	8932977	4149.08360427311	2153
4	富山	9.62	71.8	31.9	33.5	39.4	81.9	4.98	-0.07	0.12	0	-0.01	4866401	4785.05506391347	1017
4	石川	9.94	66.6	23.7	33.9	36	81	5.33	-0.02	0.03	-0.01	0.01	4694125	4198.68067978533	1118
4	福井	10.07	65.4	21.9	34.2	35.7	79.9	5.58	-0.14	-0.03	0.05	0.01	3608625	4792.33067729084	753
4	山梨	9.94	67.8	18.7	33.3	31.8	80.8	5.54	-0.15	-0.14	0.08	0.01	3675886	4583.39900249377	802
4	長野	9.55	64	29.4	34.6	36.3	82.6	5.27	-0.08	-0.17	-0.04	-0.028	8809605	4361.19059405941	2020
4	岐阜	9.91	64.8	25.5	34.9	35.9	80.4	5.38	0	-0.09	0.03	-0.016	8075701	4149.8977389517	1946
4	静岡	9.85	59.4	16.7	34.7	35.3	82.1	5.13	-0.04	0.1	0.05	0.01	18222242	5087.16973757677	3582
4	愛知	10.02	55.8	14.5	33.4	35.8	80.6	4.92	0.19	0.25	0.05	0.01	42708649	5698.28539026017	7495
4	三重	9.94	64.4	15.4	34	35.1	80.2	5.26	0.02	0.01	0.04	0.01	8926965	5124.54936854191	1742
4	滋賀	9.89	61.9	20.2	34.5	33.5	81.9	5.32	0.07	-0.14	0.02	0.01	7126190	5057.62242725337	1409
4	京都	10.13	60.9	17.1	35.5	32.2	78	5.36	0.06	0.03	0.06	0.01	10752392	4216.62431372549	2550
4	大阪	10.34	49.8	12.8	35	33.8	78.5	5.39	0.17	0.13	0.05	0.01	41359149	4709.53643816898	8782
4	兵庫	10.18	56.6	15.2	34.5	33.6	80.5	5.56	0.02	-0.03	0.01	0.01	23067445	4270.16753054424	5402
4	奈良	10.22	56.8	22.6	36.7	35.9	76.6	6	-0.02	-0.43	0.09	-0.023	3834681	2936.20290964778	1306
4	和歌山	10	56.3	15.3	34.7	34.6	77.4	6.03	-0.06	-0.5	-0.08	0.01	3922961	4344.36434108527	903
4	鳥取	9.68	57.1	21.9	33.7	33.5	82.8	6.04	-0.16	-0.67	-0.14	0.01	1881841	3459.26654411765	544
4	島根	9.92	70.8	19.6	34.5	37.9	84.3	6.36	-0.29	-0.55	-0.13	-0.08	2701733	4105.97720364742	658
4	岡山	10.02	63.7	33.1	32.3	37.1	80	5.65	0.06	-0.2	-0.11	0.01	7939942	4264.20085929109	1862
4	広島	9.95	57.3	18.6	33.3	37.4	79.8	5.5	0.04	-0.15	-0.06	0.01	12230620	4431.38405797101	2760
4	山口	10.2	57	18.2	35.3	33.6	82.7	5.87	-0.17	-0.11	0	0.01	6684188	5090.77532368621	1313
4	徳島	10.19	55.1	24.8	35.3	32.8	74.5	6.16	-0.11	-0.36	-0.11	0.01	3263400	4635.51136363636	704
4	香川	10.33	54.1	33.7	34.2	35.5	78.3	6.16	-0.06	-0.36	-0.02	0.01	3903174	4178.98715203426	934
4	愛媛	10.03	61.4	18.3	33.3	35.3	79	5.97	0	-0.47	-0.08	0.01	5255396	4024.03981623277	1306
4	高知	9.89	66.1	15.5	30.2	31.6	76.9	6.04	-0.16	-0.4	-0.2	0.01	2314993	3424.54585798817	676
4	福岡	10.35	55.4	19.3	34.3	36.5	82.3	5.99	0.04	-0.3	0.06	-0.045	19567651	3824.79495699765	5116
4	佐賀	10.42	58.9	26.2	36.4	39.1	83.3	7.07	-0.2	-0.71	-0.16	-0.187	3229285	4031.56679151061	801
4	長崎	10.17	57.7	26.8	35.4	34.6	83.1	6.71	-0.24	-0.79	-0.1	0	4580983	3570.52455183164	1283
4	熊本	10.3	62.1	36.2	33.2	38.8	83.4	6.46	-0.1	-0.61	-0.05	0.002	6414083	3733.45925494761	1718
4	大分	10.25	65.5	29.4	34.1	38.2	81	6.54	-0.22	-0.6	-0.08	0.01	5042107	4554.74887082204	1107
4	宮崎	9.85	56.6	19.3	34.7	36.8	84.2	6.24	-0.12	-0.76	-0.08	-0.028	3681428	3499.45627376426	1052
4	鹿児島	10.13	55.1	19.6	34.7	38.7	86.1	6.7	-0.09	-0.9	-0.13	-0.052	5898474	3773.81573896353	1563
4	沖縄	9.52	60.1	24.5	34.2	35.8	89.3	6.59	0.17	-1.58	-0.27	0.01	4347059	2961.21185286104	1468
